FirstName;LastName;Email
Tracey;Gray;tracey.gray@starwars.movie
Charles;Pullman;charles.pullman@starwars.movie
Nicola;Cameron;nicola.cameron@starwars.movie
Rachel;Knox;rachel.knox@starwars.movie
Alan;Howard;alan.howard@starwars.movie
Rose;Robertson;rose.robertson@starwars.movie
Austin;Bower;austin.bower@starwars.movie
Fiona;Turner;fiona.turner@starwars.movie
Justin;Arnold;justin.arnold@starwars.movie
John;Fraser;john.fraser@starwars.movie
Joanne;Hodges;joanne.hodges@starwars.movie
Bella;Grant;bella.grant@starwars.movie
Audrey;Ogden;audrey.ogden@starwars.movie
Dylan;Young;dylan.young@starwars.movie
Michelle;Pullman;michelle.pullman@starwars.movie
Keith;Ross;keith.ross@starwars.movie
Jacob;Taylor;jacob.taylor@starwars.movie
Frank;Berry;frank.berry@starwars.movie
Maria;Murray;maria.murray@starwars.movie
Stephen;Morgan;stephen.morgan@starwars.movie
Ava;Berry;ava.berry@starwars.movie
Carolyn;Lambert;carolyn.lambert@starwars.movie
Vanessa;McDonald;vanessa.mcdonald@starwars.movie
Kylie;Fisher;kylie.fisher@starwars.movie
Natalie;Watson;natalie.watson@starwars.movie
Benjamin;Sutherland;benjamin.sutherland@starwars.movie
Eric;Alsop;eric.alsop@starwars.movie
Michelle;Wright;michelle.wright@starwars.movie
Nicholas;McGrath;nicholas.mcgrath@starwars.movie
Robert;Terry;robert.terry@starwars.movie
Maria;Lambert;maria.lambert@starwars.movie
Theresa;Mitchell;theresa.mitchell@starwars.movie
Evan;Kerr;evan.kerr@starwars.movie
Jane;Glover;jane.glover@starwars.movie
Sebastian;Morgan;sebastian.morgan@starwars.movie
Gabrielle;Harris;gabrielle.harris@starwars.movie
Abigail;Walsh;abigail.walsh@starwars.movie
Leah;Oliver;leah.oliver@starwars.movie
Katherine;Arnold;katherine.arnold@starwars.movie
Anne;Clark;anne.clark@starwars.movie
Joshua;Blake;joshua.blake@starwars.movie
Sam;Grant;sam.grant@starwars.movie
Dan;Turner;dan.turner@starwars.movie
Joseph;Gibson;joseph.gibson@starwars.movie
Caroline;Greene;caroline.greene@starwars.movie
Jane;Gill;jane.gill@starwars.movie
Michelle;Blake;michelle.blake@starwars.movie
Caroline;Roberts;caroline.roberts@starwars.movie
Ella;Quinn;ella.quinn@starwars.movie
Brian;Sanderson;brian.sanderson@starwars.movie
Justin;Hughes;justin.hughes@starwars.movie
Tracey;Poole;tracey.poole@starwars.movie
Vanessa;Miller;vanessa.miller@starwars.movie
Jason;Terry;jason.terry@starwars.movie
Austin;Butler;austin.butler@starwars.movie
Amanda;Grant;amanda.grant@starwars.movie
Sue;Scott;sue.scott@starwars.movie
Adrian;Bower;adrian.bower@starwars.movie
Kimberly;Walsh;kimberly.walsh@starwars.movie
Adam;Hill;adam.hill@starwars.movie
Thomas;Ball;thomas.ball@starwars.movie
Elizabeth;Roberts;elizabeth.roberts@starwars.movie
Anne;Smith;anne.smith@starwars.movie
Austin;Brown;austin.brown@starwars.movie
Emily;Rutherford;emily.rutherford@starwars.movie
Jasmine;Harris;jasmine.harris@starwars.movie
Amy;Lewis;amy.lewis@starwars.movie
Joanne;Burgess;joanne.burgess@starwars.movie
Irene;Sanderson;irene.sanderson@starwars.movie
Lisa;Sutherland;lisa.sutherland@starwars.movie
Alison;Payne;alison.payne@starwars.movie
Megan;McLean;megan.mclean@starwars.movie
Sean;Roberts;sean.roberts@starwars.movie
Colin;Black;colin.black@starwars.movie
Melanie;Hamilton;melanie.hamilton@starwars.movie
Paul;Peters;paul.peters@starwars.movie
Liam;Fraser;liam.fraser@starwars.movie
Penelope;Forsyth;penelope.forsyth@starwars.movie
Joanne;Ferguson;joanne.ferguson@starwars.movie
Julian;Mitchell;julian.mitchell@starwars.movie
Keith;Taylor;keith.taylor@starwars.movie
Joseph;Robertson;joseph.robertson@starwars.movie
Adrian;Piper;adrian.piper@starwars.movie
Gabrielle;Brown;gabrielle.brown@starwars.movie
Diane;Parsons;diane.parsons@starwars.movie
Alison;Newman;alison.newman@starwars.movie
Andrew;Skinner;andrew.skinner@starwars.movie
John;Burgess;john.burgess@starwars.movie
Rose;Slater;rose.slater@starwars.movie
Dorothy;Graham;dorothy.graham@starwars.movie
Heather;Johnston;heather.johnston@starwars.movie
Madeleine;Bailey;madeleine.bailey@starwars.movie
Boris;Newman;boris.newman@starwars.movie
Jake;Slater;jake.slater@starwars.movie
Matt;Wright;matt.wright@starwars.movie
Natalie;Mathis;natalie.mathis@starwars.movie
Lauren;Lewis;lauren.lewis@starwars.movie
Samantha;Hemmings;samantha.hemmings@starwars.movie
Dominic;Buckland;dominic.buckland@starwars.movie
Abigail;Manning;abigail.manning@starwars.movie
Jason;Manning;jason.manning@starwars.movie
Yvonne;Ince;yvonne.ince@starwars.movie
Angela;Vance;angela.vance@starwars.movie
Frank;Hemmings;frank.hemmings@starwars.movie
Dan;Cornish;dan.cornish@starwars.movie
Diane;Ball;diane.ball@starwars.movie
Olivia;Vaughan;olivia.vaughan@starwars.movie
Neil;Hardacre;neil.hardacre@starwars.movie
Liam;Buckland;liam.buckland@starwars.movie
Dominic;Underwood;dominic.underwood@starwars.movie
Lily;Bell;lily.bell@starwars.movie
Adam;Lawrence;adam.lawrence@starwars.movie
Yvonne;Hunter;yvonne.hunter@starwars.movie
Alexander;Knox;alexander.knox@starwars.movie
Victor;White;victor.white@starwars.movie
Audrey;Lawrence;audrey.lawrence@starwars.movie
Felicity;Walker;felicity.walker@starwars.movie
Zoe;Paige;zoe.paige@starwars.movie
Edward;Mathis;edward.mathis@starwars.movie
Cameron;Skinner;cameron.skinner@starwars.movie
Thomas;Welch;thomas.welch@starwars.movie
Peter;Poole;peter.poole@starwars.movie
Rachel;Pullman;rachel.pullman@starwars.movie
Stephen;Clarkson;stephen.clarkson@starwars.movie
Anthony;Skinner;anthony.skinner@starwars.movie
Neil;Ogden;neil.ogden@starwars.movie
Bella;Forsyth;bella.forsyth@starwars.movie
Leonard;Blake;leonard.blake@starwars.movie
Rose;Howard;rose.howard@starwars.movie
Ryan;Knox;ryan.knox@starwars.movie
Dominic;Cornish;dominic.cornish@starwars.movie
Nicola;Turner;nicola.turner@starwars.movie
Charles;May;charles.may@starwars.movie
Lauren;Newman;lauren.newman@starwars.movie
Nicholas;Dyer;nicholas.dyer@starwars.movie
Irene;Black;irene.black@starwars.movie
Nicholas;Ogden;nicholas.ogden@starwars.movie
Anna;Knox;anna.knox@starwars.movie
Sam;Scott;sam.scott@starwars.movie
Jake;Lee;jake.lee@starwars.movie
Christian;Knox;christian.knox@starwars.movie
Harry;Terry;harry.terry@starwars.movie
Liam;Manning;liam.manning@starwars.movie
Gabrielle;Black;gabrielle.black@starwars.movie
Dylan;Russell;dylan.russell@starwars.movie
Joe;Underwood;joe.underwood@starwars.movie
Julian;Randall;julian.randall@starwars.movie
Trevor;Randall;trevor.randall@starwars.movie
Trevor;Johnston;trevor.johnston@starwars.movie
Austin;Walker;austin.walker@starwars.movie
Steven;Nolan;steven.nolan@starwars.movie
Sarah;Knox;sarah.knox@starwars.movie
Jessica;Welch;jessica.welch@starwars.movie
Frank;McDonald;frank.mcdonald@starwars.movie
Diane;Duncan;diane.duncan@starwars.movie
Jake;Lyman;jake.lyman@starwars.movie
Jacob;Grant;jacob.grant@starwars.movie
Sam;McDonald;sam.mcdonald@starwars.movie
Ava;Taylor;ava.taylor@starwars.movie
Claire;Edmunds;claire.edmunds@starwars.movie
Ava;Bailey;ava.bailey@starwars.movie
Victor;Burgess;victor.burgess@starwars.movie
Anna;Young;anna.young@starwars.movie
Wanda;Springer;wanda.springer@starwars.movie
Colin;Hughes;colin.hughes@starwars.movie
Jason;Gray;jason.gray@starwars.movie
Theresa;Terry;theresa.terry@starwars.movie
Julian;McGrath;julian.mcgrath@starwars.movie
Jonathan;Burgess;jonathan.burgess@starwars.movie
Bernadette;Short;bernadette.short@starwars.movie
Wendy;Welch;wendy.welch@starwars.movie
Sean;Thomson;sean.thomson@starwars.movie
Blake;Vaughan;blake.vaughan@starwars.movie
Alexander;Young;alexander.young@starwars.movie
Diana;Carr;diana.carr@starwars.movie
Tracey;Graham;tracey.graham@starwars.movie
Paul;White;paul.white@starwars.movie
Lily;Welch;lily.welch@starwars.movie
Alan;May;alan.may@starwars.movie
Emma;Avery;emma.avery@starwars.movie
Jessica;Nash;jessica.nash@starwars.movie
Eric;Dowd;eric.dowd@starwars.movie
Eric;Kelly;eric.kelly@starwars.movie
Trevor;Hardacre;trevor.hardacre@starwars.movie
Hannah;Mills;hannah.mills@starwars.movie
Jason;Graham;jason.graham@starwars.movie
Chloe;Grant;chloe.grant@starwars.movie
Stephanie;Morrison;stephanie.morrison@starwars.movie
Stephanie;Campbell;stephanie.campbell@starwars.movie
Colin;Russell;colin.russell@starwars.movie
Nicholas;Hughes;nicholas.hughes@starwars.movie
Jasmine;Forsyth;jasmine.forsyth@starwars.movie
Sam;Parsons;sam.parsons@starwars.movie
Edward;Parsons;edward.parsons@starwars.movie
Felicity;Davies;felicity.davies@starwars.movie
Lauren;Paterson;lauren.paterson@starwars.movie
Gordon;Brown;gordon.brown@starwars.movie
Trevor;Clarkson;trevor.clarkson@starwars.movie
Robert;North;robert.north@starwars.movie
Audrey;Butler;audrey.butler@starwars.movie
Claire;Bell;claire.bell@starwars.movie
Paul;Hill;paul.hill@starwars.movie
Sam;Fisher;sam.fisher@starwars.movie
Wendy;Ellison;wendy.ellison@starwars.movie
Ruth;Gibson;ruth.gibson@starwars.movie
Victoria;Grant;victoria.grant@starwars.movie
Grace;Ince;grace.ince@starwars.movie
Joseph;Davies;joseph.davies@starwars.movie
Jake;MacDonald;jake.macdonald@starwars.movie
Hannah;MacLeod;hannah.macleod@starwars.movie
Angela;Morrison;angela.morrison@starwars.movie
Sophie;Grant;sophie.grant@starwars.movie
Oliver;Butler;oliver.butler@starwars.movie
Jacob;Hughes;jacob.hughes@starwars.movie
Jacob;Rutherford;jacob.rutherford@starwars.movie
Molly;Wallace;molly.wallace@starwars.movie
Brandon;May;brandon.may@starwars.movie
Amy;Peters;amy.peters@starwars.movie
William;Short;william.short@starwars.movie
Natalie;Sutherland;natalie.sutherland@starwars.movie
Austin;Stewart;austin.stewart@starwars.movie
Gabrielle;Morrison;gabrielle.morrison@starwars.movie
Brandon;Gray;brandon.gray@starwars.movie
Boris;Paterson;boris.paterson@starwars.movie
Brandon;Robertson;brandon.robertson@starwars.movie
Carolyn;Newman;carolyn.newman@starwars.movie
Sarah;Newman;sarah.newman@starwars.movie
Jane;Mackay;jane.mackay@starwars.movie
Karen;Robertson;karen.robertson@starwars.movie
Alan;Berry;alan.berry@starwars.movie
Rebecca;Greene;rebecca.greene@starwars.movie
Karen;Anderson;karen.anderson@starwars.movie
Ryan;McDonald;ryan.mcdonald@starwars.movie
David;Murray;david.murray@starwars.movie
Rebecca;Lawrence;rebecca.lawrence@starwars.movie
Steven;Poole;steven.poole@starwars.movie
Zoe;Peake;zoe.peake@starwars.movie
Julia;Duncan;julia.duncan@starwars.movie
Elizabeth;Paterson;elizabeth.paterson@starwars.movie
Edward;Hardacre;edward.hardacre@starwars.movie
Kevin;Miller;kevin.miller@starwars.movie
Gavin;Chapman;gavin.chapman@starwars.movie
Harry;Young;harry.young@starwars.movie
James;Metcalfe;james.metcalfe@starwars.movie
Christopher;McGrath;christopher.mcgrath@starwars.movie
Colin;Johnston;colin.johnston@starwars.movie
Owen;Edmunds;owen.edmunds@starwars.movie
Anna;Duncan;anna.duncan@starwars.movie
Eric;Jackson;eric.jackson@starwars.movie
Lily;Hemmings;lily.hemmings@starwars.movie
Benjamin;Martin;benjamin.martin@starwars.movie
Fiona;Clarkson;fiona.clarkson@starwars.movie
Ava;Thomson;ava.thomson@starwars.movie
Jacob;Johnston;jacob.johnston@starwars.movie
Sarah;Dickens;sarah.dickens@starwars.movie
Christian;Bond;christian.bond@starwars.movie
Thomas;Springer;thomas.springer@starwars.movie
Paul;King;paul.king@starwars.movie
Piers;Paige;piers.paige@starwars.movie
Faith;Bell;faith.bell@starwars.movie
Jonathan;Fraser;jonathan.fraser@starwars.movie
Neil;Springer;neil.springer@starwars.movie
Jacob;Simpson;jacob.simpson@starwars.movie
Brian;Mitchell;brian.mitchell@starwars.movie
Simon;Oliver;simon.oliver@starwars.movie
Leonard;Hodges;leonard.hodges@starwars.movie
Carl;Newman;carl.newman@starwars.movie
Sean;Campbell;sean.campbell@starwars.movie
Phil;Mackenzie;phil.mackenzie@starwars.movie
Piers;Fisher;piers.fisher@starwars.movie
Charles;Scott;charles.scott@starwars.movie
Robert;Oliver;robert.oliver@starwars.movie
Ava;Allan;ava.allan@starwars.movie
Theresa;Dyer;theresa.dyer@starwars.movie
Oliver;Lawrence;oliver.lawrence@starwars.movie
Sue;Ball;sue.ball@starwars.movie
Anthony;Lee;anthony.lee@starwars.movie
Nathan;Ferguson;nathan.ferguson@starwars.movie
Joseph;Arnold;joseph.arnold@starwars.movie
Bernadette;Brown;bernadette.brown@starwars.movie
Jacob;Peake;jacob.peake@starwars.movie
Liam;Campbell;liam.campbell@starwars.movie
Owen;Harris;owen.harris@starwars.movie
Charles;Kelly;charles.kelly@starwars.movie
Angela;King;angela.king@starwars.movie
Leonard;Ellison;leonard.ellison@starwars.movie
Austin;Peake;austin.peake@starwars.movie
Stephanie;Taylor;stephanie.taylor@starwars.movie
Austin;Rees;austin.rees@starwars.movie
Brandon;Hill;brandon.hill@starwars.movie
Leah;Hill;leah.hill@starwars.movie
Megan;Cameron;megan.cameron@starwars.movie
Adam;Mackenzie;adam.mackenzie@starwars.movie
Kylie;Baker;kylie.baker@starwars.movie
Lauren;Bond;lauren.bond@starwars.movie
Wanda;Mackay;wanda.mackay@starwars.movie
Kylie;Davies;kylie.davies@starwars.movie
Lauren;Bailey;lauren.bailey@starwars.movie
Stewart;Clark;stewart.clark@starwars.movie
Ruth;Chapman;ruth.chapman@starwars.movie
Jack;Wilson;jack.wilson@starwars.movie
Alexander;Anderson;alexander.anderson@starwars.movie
Joe;Manning;joe.manning@starwars.movie
Pippa;Hill;pippa.hill@starwars.movie
Jan;Wilson;jan.wilson@starwars.movie
Brian;Mills;brian.mills@starwars.movie
Vanessa;Davidson;vanessa.davidson@starwars.movie
Brandon;Churchill;brandon.churchill@starwars.movie
Samantha;Smith;samantha.smith@starwars.movie
Julia;MacLeod;julia.macleod@starwars.movie
Leah;Vaughan;leah.vaughan@starwars.movie
Ian;Duncan;ian.duncan@starwars.movie
Virginia;Martin;virginia.martin@starwars.movie
Sebastian;Davidson;sebastian.davidson@starwars.movie
Richard;Davies;richard.davies@starwars.movie
Robert;Vaughan;robert.vaughan@starwars.movie
Austin;Hart;austin.hart@starwars.movie
Robert;Ince;robert.ince@starwars.movie
Gabrielle;Graham;gabrielle.graham@starwars.movie
Hannah;Rees;hannah.rees@starwars.movie
Joseph;Dyer;joseph.dyer@starwars.movie
Stephen;Gibson;stephen.gibson@starwars.movie
Dorothy;Ross;dorothy.ross@starwars.movie
Amelia;Thomson;amelia.thomson@starwars.movie
Wendy;Hill;wendy.hill@starwars.movie
Robert;Mathis;robert.mathis@starwars.movie
Mary;Davidson;mary.davidson@starwars.movie
Alexander;Baker;alexander.baker@starwars.movie
Brian;Taylor;brian.taylor@starwars.movie
Blake;Bailey;blake.bailey@starwars.movie
Andrew;Taylor;andrew.taylor@starwars.movie
Abigail;Edmunds;abigail.edmunds@starwars.movie
Grace;Rutherford;grace.rutherford@starwars.movie
Dorothy;Powell;dorothy.powell@starwars.movie
Alison;King;alison.king@starwars.movie
Elizabeth;Bond;elizabeth.bond@starwars.movie
Yvonne;Watson;yvonne.watson@starwars.movie
Deirdre;Hemmings;deirdre.hemmings@starwars.movie
Evan;Simpson;evan.simpson@starwars.movie
Boris;Mitchell;boris.mitchell@starwars.movie
Edward;Harris;edward.harris@starwars.movie
Peter;May;peter.may@starwars.movie
Andrew;Nash;andrew.nash@starwars.movie
Megan;Anderson;megan.anderson@starwars.movie
Emma;Simpson;emma.simpson@starwars.movie
Steven;Lee;steven.lee@starwars.movie
Gabrielle;Chapman;gabrielle.chapman@starwars.movie
Nicola;Bell;nicola.bell@starwars.movie
Diane;Watson;diane.watson@starwars.movie
Trevor;MacLeod;trevor.macleod@starwars.movie
Fiona;Robertson;fiona.robertson@starwars.movie
Charles;Berry;charles.berry@starwars.movie
Lauren;Kerr;lauren.kerr@starwars.movie
Sarah;Clarkson;sarah.clarkson@starwars.movie
Nicholas;Parsons;nicholas.parsons@starwars.movie
Karen;Mathis;karen.mathis@starwars.movie
Carl;Dickens;carl.dickens@starwars.movie
Rachel;Clark;rachel.clark@starwars.movie
Kylie;Sutherland;kylie.sutherland@starwars.movie
Katherine;Springer;katherine.springer@starwars.movie
Victor;Mackenzie;victor.mackenzie@starwars.movie
Connor;Short;connor.short@starwars.movie
Diana;Lambert;diana.lambert@starwars.movie
Isaac;Sutherland;isaac.sutherland@starwars.movie
Melanie;Johnston;melanie.johnston@starwars.movie
Keith;Grant;keith.grant@starwars.movie
Adrian;Churchill;adrian.churchill@starwars.movie
Harry;Sanderson;harry.sanderson@starwars.movie
David;Brown;david.brown@starwars.movie
Eric;Ince;eric.ince@starwars.movie
Anne;Springer;anne.springer@starwars.movie
Dan;King;dan.king@starwars.movie
Fiona;Newman;fiona.newman@starwars.movie
Nicola;Scott;nicola.scott@starwars.movie
Nicholas;Pullman;nicholas.pullman@starwars.movie
Jacob;Chapman;jacob.chapman@starwars.movie
Christian;Harris;christian.harris@starwars.movie
Joshua;Graham;joshua.graham@starwars.movie
Gabrielle;Lyman;gabrielle.lyman@starwars.movie
Connor;Walker;connor.walker@starwars.movie
Carl;Burgess;carl.burgess@starwars.movie
Tracey;Rampling;tracey.rampling@starwars.movie
Benjamin;Hill;benjamin.hill@starwars.movie
Mary;North;mary.north@starwars.movie
Molly;Mitchell;molly.mitchell@starwars.movie
Cameron;Ball;cameron.ball@starwars.movie
Zoe;Davidson;zoe.davidson@starwars.movie
Caroline;Ellison;caroline.ellison@starwars.movie
Connor;Hemmings;connor.hemmings@starwars.movie
Sue;Abraham;sue.abraham@starwars.movie
Sebastian;Welch;sebastian.welch@starwars.movie
Benjamin;King;benjamin.king@starwars.movie
Rachel;Johnston;rachel.johnston@starwars.movie
Bella;Martin;bella.martin@starwars.movie
Donna;Howard;donna.howard@starwars.movie
Peter;Murray;peter.murray@starwars.movie
Elizabeth;Dyer;elizabeth.dyer@starwars.movie
Brandon;Fisher;brandon.fisher@starwars.movie
Neil;Sharp;neil.sharp@starwars.movie
Ian;Skinner;ian.skinner@starwars.movie
Rebecca;Lyman;rebecca.lyman@starwars.movie
Sue;Buckland;sue.buckland@starwars.movie
Carol;Marshall;carol.marshall@starwars.movie
Virginia;Gibson;virginia.gibson@starwars.movie
Christian;Newman;christian.newman@starwars.movie
Felicity;Kerr;felicity.kerr@starwars.movie
Sarah;Anderson;sarah.anderson@starwars.movie
David;Rees;david.rees@starwars.movie
Wendy;Edmunds;wendy.edmunds@starwars.movie
Neil;Churchill;neil.churchill@starwars.movie
Alison;Pullman;alison.pullman@starwars.movie
Justin;Pullman;justin.pullman@starwars.movie
Joanne;Thomson;joanne.thomson@starwars.movie
Sue;Gibson;sue.gibson@starwars.movie
Joan;Wright;joan.wright@starwars.movie
Abigail;Gill;abigail.gill@starwars.movie
Alexander;Forsyth;alexander.forsyth@starwars.movie
Ian;Miller;ian.miller@starwars.movie
Joe;Coleman;joe.coleman@starwars.movie
Ella;Ogden;ella.ogden@starwars.movie
Nicola;Piper;nicola.piper@starwars.movie
Warren;Glover;warren.glover@starwars.movie
Benjamin;Bailey;benjamin.bailey@starwars.movie
Sue;MacDonald;sue.macdonald@starwars.movie
Emily;Fisher;emily.fisher@starwars.movie
Jessica;Jones;jessica.jones@starwars.movie
Felicity;Turner;felicity.turner@starwars.movie
Justin;Butler;justin.butler@starwars.movie
Karen;Morgan;karen.morgan@starwars.movie
Leah;Murray;leah.murray@starwars.movie
Andrew;May;andrew.may@starwars.movie
Lucas;James;lucas.james@starwars.movie
Peter;Dickens;peter.dickens@starwars.movie
Katherine;Wallace;katherine.wallace@starwars.movie
Amelia;Rees;amelia.rees@starwars.movie
Grace;Turner;grace.turner@starwars.movie
Nathan;Pullman;nathan.pullman@starwars.movie
Carl;Metcalfe;carl.metcalfe@starwars.movie
Michelle;Churchill;michelle.churchill@starwars.movie
Nicholas;Gray;nicholas.gray@starwars.movie
Ian;Baker;ian.baker@starwars.movie
Natalie;Welch;natalie.welch@starwars.movie
Penelope;Davidson;penelope.davidson@starwars.movie
Sue;Carr;sue.carr@starwars.movie
Victor;Henderson;victor.henderson@starwars.movie
Karen;Bond;karen.bond@starwars.movie
Kevin;Lewis;kevin.lewis@starwars.movie
Lauren;Smith;lauren.smith@starwars.movie
Carol;Murray;carol.murray@starwars.movie
Jennifer;Clarkson;jennifer.clarkson@starwars.movie
Jan;Hill;jan.hill@starwars.movie
Cameron;Watson;cameron.watson@starwars.movie
Jan;Gibson;jan.gibson@starwars.movie
Carl;Langdon;carl.langdon@starwars.movie
Alison;Murray;alison.murray@starwars.movie
Evan;Marshall;evan.marshall@starwars.movie
Amy;Bond;amy.bond@starwars.movie
Sarah;Hughes;sarah.hughes@starwars.movie
John;Nash;john.nash@starwars.movie
Phil;Young;phil.young@starwars.movie
Sam;Ince;sam.ince@starwars.movie
Alexandra;Thomson;alexandra.thomson@starwars.movie
Jake;Metcalfe;jake.metcalfe@starwars.movie
Emma;Baker;emma.baker@starwars.movie
Kevin;Langdon;kevin.langdon@starwars.movie
Victoria;Berry;victoria.berry@starwars.movie
Dorothy;Bell;dorothy.bell@starwars.movie
Christian;Vaughan;christian.vaughan@starwars.movie
Dorothy;Dowd;dorothy.dowd@starwars.movie
Rose;Wright;rose.wright@starwars.movie
Sebastian;Slater;sebastian.slater@starwars.movie
Leonard;Thomson;leonard.thomson@starwars.movie
Deirdre;Black;deirdre.black@starwars.movie
Joan;Short;joan.short@starwars.movie
Jack;Wallace;jack.wallace@starwars.movie
Irene;Walsh;irene.walsh@starwars.movie
Keith;Forsyth;keith.forsyth@starwars.movie
Katherine;Dyer;katherine.dyer@starwars.movie
Joseph;Stewart;joseph.stewart@starwars.movie
Grace;Short;grace.short@starwars.movie
Adrian;Black;adrian.black@starwars.movie
Connor;Terry;connor.terry@starwars.movie
Katherine;Ellison;katherine.ellison@starwars.movie
Ella;Fisher;ella.fisher@starwars.movie
Sarah;Parsons;sarah.parsons@starwars.movie
Anne;Lawrence;anne.lawrence@starwars.movie
Claire;MacLeod;claire.macleod@starwars.movie
Lisa;Hodges;lisa.hodges@starwars.movie
Adrian;Watson;adrian.watson@starwars.movie
Justin;North;justin.north@starwars.movie
Keith;Butler;keith.butler@starwars.movie
Christopher;Martin;christopher.martin@starwars.movie
Tracey;Paterson;tracey.paterson@starwars.movie
Pippa;MacDonald;pippa.macdonald@starwars.movie
Tim;North;tim.north@starwars.movie
Jasmine;Graham;jasmine.graham@starwars.movie
Phil;Anderson;phil.anderson@starwars.movie
Sebastian;Burgess;sebastian.burgess@starwars.movie
Hannah;Lee;hannah.lee@starwars.movie
Jessica;May;jessica.may@starwars.movie
Vanessa;Black;vanessa.black@starwars.movie
Jennifer;Langdon;jennifer.langdon@starwars.movie
Ella;Mathis;ella.mathis@starwars.movie
Owen;Churchill;owen.churchill@starwars.movie
Sebastian;Vance;sebastian.vance@starwars.movie
Carl;Lawrence;carl.lawrence@starwars.movie
Connor;Hunter;connor.hunter@starwars.movie
Sarah;Martin;sarah.martin@starwars.movie
Piers;Peters;piers.peters@starwars.movie
Jason;Welch;jason.welch@starwars.movie
Phil;Sutherland;phil.sutherland@starwars.movie
Audrey;Nolan;audrey.nolan@starwars.movie
Jonathan;Avery;jonathan.avery@starwars.movie
Mary;Burgess;mary.burgess@starwars.movie
Peter;Payne;peter.payne@starwars.movie
Alan;Marshall;alan.marshall@starwars.movie
Rebecca;Slater;rebecca.slater@starwars.movie
Benjamin;Johnston;benjamin.johnston@starwars.movie
Olivia;Graham;olivia.graham@starwars.movie
Maria;Hunter;maria.hunter@starwars.movie
Neil;Pullman;neil.pullman@starwars.movie
Jason;Allan;jason.allan@starwars.movie
Una;Dowd;una.dowd@starwars.movie
Olivia;King;olivia.king@starwars.movie
Donna;Henderson;donna.henderson@starwars.movie
Frank;Manning;frank.manning@starwars.movie
Virginia;Simpson;virginia.simpson@starwars.movie
Robert;McLean;robert.mclean@starwars.movie
Gordon;Hunter;gordon.hunter@starwars.movie
Diane;Sutherland;diane.sutherland@starwars.movie
Isaac;Mackay;isaac.mackay@starwars.movie
Piers;Lawrence;piers.lawrence@starwars.movie
Victoria;Mills;victoria.mills@starwars.movie
Yvonne;Russell;yvonne.russell@starwars.movie
Joseph;Clarkson;joseph.clarkson@starwars.movie
Simon;Springer;simon.springer@starwars.movie
Michelle;Hunter;michelle.hunter@starwars.movie
John;Campbell;john.campbell@starwars.movie
Felicity;Russell;felicity.russell@starwars.movie
Harry;Butler;harry.butler@starwars.movie
Carolyn;Morrison;carolyn.morrison@starwars.movie
Stephanie;Jackson;stephanie.jackson@starwars.movie
Irene;Hemmings;irene.hemmings@starwars.movie
Leah;Wilson;leah.wilson@starwars.movie
Audrey;King;audrey.king@starwars.movie
Nicholas;Peake;nicholas.peake@starwars.movie
Madeleine;Johnston;madeleine.johnston@starwars.movie
Megan;Slater;megan.slater@starwars.movie
Connor;Payne;connor.payne@starwars.movie
Andrew;Harris;andrew.harris@starwars.movie
Heather;Brown;heather.brown@starwars.movie
Jason;Vance;jason.vance@starwars.movie
Edward;Short;edward.short@starwars.movie
Boris;Martin;boris.martin@starwars.movie
Charles;Campbell;charles.campbell@starwars.movie
Jack;Martin;jack.martin@starwars.movie
Caroline;Graham;caroline.graham@starwars.movie
Faith;Lewis;faith.lewis@starwars.movie
Carl;Howard;carl.howard@starwars.movie
Madeleine;Sharp;madeleine.sharp@starwars.movie
Carolyn;Avery;carolyn.avery@starwars.movie
Melanie;MacDonald;melanie.macdonald@starwars.movie
Dylan;Howard;dylan.howard@starwars.movie
Felicity;Lee;felicity.lee@starwars.movie
Peter;Hardacre;peter.hardacre@starwars.movie
Cameron;Martin;cameron.martin@starwars.movie
Victor;Kerr;victor.kerr@starwars.movie
Rose;Sutherland;rose.sutherland@starwars.movie
Trevor;Martin;trevor.martin@starwars.movie
Madeleine;Wallace;madeleine.wallace@starwars.movie
Sarah;Greene;sarah.greene@starwars.movie
Michael;Ince;michael.ince@starwars.movie
Jasmine;Ellison;jasmine.ellison@starwars.movie
Gavin;Hudson;gavin.hudson@starwars.movie
Edward;Stewart;edward.stewart@starwars.movie
Jason;Martin;jason.martin@starwars.movie
Ella;Peters;ella.peters@starwars.movie
Victoria;Powell;victoria.powell@starwars.movie
Cameron;Vance;cameron.vance@starwars.movie
Matt;Ross;matt.ross@starwars.movie
Stephen;Arnold;stephen.arnold@starwars.movie
Leah;Quinn;leah.quinn@starwars.movie
Simon;Avery;simon.avery@starwars.movie
Olivia;Morgan;olivia.morgan@starwars.movie
Jan;Poole;jan.poole@starwars.movie
Joe;Lewis;joe.lewis@starwars.movie
Vanessa;Butler;vanessa.butler@starwars.movie
Kylie;Peters;kylie.peters@starwars.movie
Stephanie;Hart;stephanie.hart@starwars.movie
Fiona;Dowd;fiona.dowd@starwars.movie
Irene;Davies;irene.davies@starwars.movie
Stephanie;Lawrence;stephanie.lawrence@starwars.movie
Diane;King;diane.king@starwars.movie
William;Lawrence;william.lawrence@starwars.movie
Trevor;Langdon;trevor.langdon@starwars.movie
Anna;Rampling;anna.rampling@starwars.movie
Anne;Randall;anne.randall@starwars.movie
David;Kerr;david.kerr@starwars.movie
Rachel;McGrath;rachel.mcgrath@starwars.movie
Heather;Ross;heather.ross@starwars.movie
Christopher;McLean;christopher.mclean@starwars.movie
Donna;Metcalfe;donna.metcalfe@starwars.movie
Adam;Dickens;adam.dickens@starwars.movie
Jake;Bailey;jake.bailey@starwars.movie
Jasmine;Lawrence;jasmine.lawrence@starwars.movie
Sonia;Mackay;sonia.mackay@starwars.movie
Warren;Tucker;warren.tucker@starwars.movie
Ella;Reid;ella.reid@starwars.movie
Sophie;Parsons;sophie.parsons@starwars.movie
Fiona;Coleman;fiona.coleman@starwars.movie
Steven;Hamilton;steven.hamilton@starwars.movie
Wendy;Campbell;wendy.campbell@starwars.movie
Christopher;Kerr;christopher.kerr@starwars.movie
Wendy;Abraham;wendy.abraham@starwars.movie
Ella;Robertson;ella.robertson@starwars.movie
Amanda;Springer;amanda.springer@starwars.movie
Ava;Peake;ava.peake@starwars.movie
Gavin;MacDonald;gavin.macdonald@starwars.movie
Kimberly;Dyer;kimberly.dyer@starwars.movie
Alan;Quinn;alan.quinn@starwars.movie
Nicola;Abraham;nicola.abraham@starwars.movie
Lauren;Russell;lauren.russell@starwars.movie
Diana;Cornish;diana.cornish@starwars.movie
Oliver;Lewis;oliver.lewis@starwars.movie
Kimberly;Hudson;kimberly.hudson@starwars.movie
Kevin;Hudson;kevin.hudson@starwars.movie
Ruth;Ferguson;ruth.ferguson@starwars.movie
Pippa;Dowd;pippa.dowd@starwars.movie
Stephanie;Grant;stephanie.grant@starwars.movie
Victoria;Dowd;victoria.dowd@starwars.movie
Evan;Brown;evan.brown@starwars.movie
Fiona;Campbell;fiona.campbell@starwars.movie
Chloe;Short;chloe.short@starwars.movie
Megan;Brown;megan.brown@starwars.movie
Nicola;Springer;nicola.springer@starwars.movie
Jacob;Morrison;jacob.morrison@starwars.movie
Zoe;Bailey;zoe.bailey@starwars.movie
Irene;Gray;irene.gray@starwars.movie
Wendy;McGrath;wendy.mcgrath@starwars.movie
Simon;Hardacre;simon.hardacre@starwars.movie
Gordon;Baker;gordon.baker@starwars.movie
Alan;Mathis;alan.mathis@starwars.movie
Rose;Davies;rose.davies@starwars.movie
Dylan;Paterson;dylan.paterson@starwars.movie
David;Mathis;david.mathis@starwars.movie
Sarah;North;sarah.north@starwars.movie
Andrea;McGrath;andrea.mcgrath@starwars.movie
Vanessa;Roberts;vanessa.roberts@starwars.movie
Donna;Ince;donna.ince@starwars.movie
Gabrielle;Cornish;gabrielle.cornish@starwars.movie
Vanessa;Underwood;vanessa.underwood@starwars.movie
Kimberly;Bond;kimberly.bond@starwars.movie
Vanessa;Langdon;vanessa.langdon@starwars.movie
Faith;Terry;faith.terry@starwars.movie
Sam;Greene;sam.greene@starwars.movie
Melanie;Glover;melanie.glover@starwars.movie
Harry;Kerr;harry.kerr@starwars.movie
Brian;Welch;brian.welch@starwars.movie
Anna;Simpson;anna.simpson@starwars.movie
Piers;Short;piers.short@starwars.movie
Jonathan;Mills;jonathan.mills@starwars.movie
Sally;Thomson;sally.thomson@starwars.movie
Bernadette;Ince;bernadette.ince@starwars.movie
Cameron;Graham;cameron.graham@starwars.movie
Caroline;Harris;caroline.harris@starwars.movie
Victoria;Hill;victoria.hill@starwars.movie
Thomas;Mills;thomas.mills@starwars.movie
Faith;Vance;faith.vance@starwars.movie
Carolyn;Ogden;carolyn.ogden@starwars.movie
Chloe;Allan;chloe.allan@starwars.movie
Christian;MacDonald;christian.macdonald@starwars.movie
Bella;Ellison;bella.ellison@starwars.movie
Kimberly;Rutherford;kimberly.rutherford@starwars.movie
Oliver;Rees;oliver.rees@starwars.movie
Luke;Davies;luke.davies@starwars.movie
Penelope;Abraham;penelope.abraham@starwars.movie
David;Harris;david.harris@starwars.movie
Ava;Dickens;ava.dickens@starwars.movie
Boris;Lambert;boris.lambert@starwars.movie
Christopher;MacDonald;christopher.macdonald@starwars.movie
Sally;Wright;sally.wright@starwars.movie
Michael;Quinn;michael.quinn@starwars.movie
Richard;Grant;richard.grant@starwars.movie
Michael;Harris;michael.harris@starwars.movie
Dominic;Nolan;dominic.nolan@starwars.movie
Alan;Jackson;alan.jackson@starwars.movie
Carol;Underwood;carol.underwood@starwars.movie
Jacob;Cornish;jacob.cornish@starwars.movie
Madeleine;Ellison;madeleine.ellison@starwars.movie
Justin;Turner;justin.turner@starwars.movie
Penelope;Poole;penelope.poole@starwars.movie
Christopher;Johnston;christopher.johnston@starwars.movie
Alison;Jackson;alison.jackson@starwars.movie
Stewart;Greene;stewart.greene@starwars.movie
Amelia;Blake;amelia.blake@starwars.movie
Claire;Hodges;claire.hodges@starwars.movie
Boris;Taylor;boris.taylor@starwars.movie
Andrea;Vance;andrea.vance@starwars.movie
Sebastian;Newman;sebastian.newman@starwars.movie
Zoe;Hamilton;zoe.hamilton@starwars.movie
Yvonne;Hudson;yvonne.hudson@starwars.movie
William;Pullman;william.pullman@starwars.movie
Jake;Smith;jake.smith@starwars.movie
Kimberly;Blake;kimberly.blake@starwars.movie
Sebastian;Smith;sebastian.smith@starwars.movie
Stewart;Oliver;stewart.oliver@starwars.movie
Justin;Piper;justin.piper@starwars.movie
Phil;Skinner;phil.skinner@starwars.movie
Theresa;Hemmings;theresa.hemmings@starwars.movie
Sue;Wilson;sue.wilson@starwars.movie
Michael;Murray;michael.murray@starwars.movie
Cameron;Fisher;cameron.fisher@starwars.movie
Ryan;Wilson;ryan.wilson@starwars.movie
Lillian;Cameron;lillian.cameron@starwars.movie
Joe;McGrath;joe.mcgrath@starwars.movie
Megan;Russell;megan.russell@starwars.movie
David;Gray;david.gray@starwars.movie
Gordon;Murray;gordon.murray@starwars.movie
Lillian;Mitchell;lillian.mitchell@starwars.movie
Steven;Johnston;steven.johnston@starwars.movie
Una;Rutherford;una.rutherford@starwars.movie
Justin;Harris;justin.harris@starwars.movie
Joshua;Johnston;joshua.johnston@starwars.movie
Kevin;Hodges;kevin.hodges@starwars.movie
David;Piper;david.piper@starwars.movie
Wanda;Wilkins;wanda.wilkins@starwars.movie
Alexandra;Henderson;alexandra.henderson@starwars.movie
Carolyn;Graham;carolyn.graham@starwars.movie
Heather;Bell;heather.bell@starwars.movie
Penelope;Sanderson;penelope.sanderson@starwars.movie
Ian;MacLeod;ian.macleod@starwars.movie
Sarah;Nash;sarah.nash@starwars.movie
Bernadette;White;bernadette.white@starwars.movie
Grace;North;grace.north@starwars.movie
Gabrielle;Ferguson;gabrielle.ferguson@starwars.movie
Karen;Davies;karen.davies@starwars.movie
James;Davies;james.davies@starwars.movie
Alison;Blake;alison.blake@starwars.movie
Alexandra;Powell;alexandra.powell@starwars.movie
Joe;Baker;joe.baker@starwars.movie
Tracey;Vaughan;tracey.vaughan@starwars.movie
Adrian;Young;adrian.young@starwars.movie
Adam;Wilson;adam.wilson@starwars.movie
Virginia;Morgan;virginia.morgan@starwars.movie
Matt;Slater;matt.slater@starwars.movie
Oliver;Edmunds;oliver.edmunds@starwars.movie
Angela;Wilkins;angela.wilkins@starwars.movie
Victor;Young;victor.young@starwars.movie
Kimberly;Jackson;kimberly.jackson@starwars.movie
Karen;North;karen.north@starwars.movie
Samantha;Bower;samantha.bower@starwars.movie
Matt;North;matt.north@starwars.movie
Jacob;Hudson;jacob.hudson@starwars.movie
Boris;Hamilton;boris.hamilton@starwars.movie
Lillian;Robertson;lillian.robertson@starwars.movie
Kimberly;Dickens;kimberly.dickens@starwars.movie
Ruth;Paige;ruth.paige@starwars.movie
Cameron;Allan;cameron.allan@starwars.movie
Peter;Knox;peter.knox@starwars.movie
Evan;McGrath;evan.mcgrath@starwars.movie
Luke;Harris;luke.harris@starwars.movie
Virginia;Vaughan;virginia.vaughan@starwars.movie
Diane;Piper;diane.piper@starwars.movie
Rebecca;Hardacre;rebecca.hardacre@starwars.movie
Katherine;Underwood;katherine.underwood@starwars.movie
John;Powell;john.powell@starwars.movie
Connor;Quinn;connor.quinn@starwars.movie
Robert;Glover;robert.glover@starwars.movie
Alexandra;Welch;alexandra.welch@starwars.movie
Simon;Parsons;simon.parsons@starwars.movie
Benjamin;Watson;benjamin.watson@starwars.movie
Amy;Hughes;amy.hughes@starwars.movie
Claire;Simpson;claire.simpson@starwars.movie
Victor;Rees;victor.rees@starwars.movie
Sally;Tucker;sally.tucker@starwars.movie
Owen;MacLeod;owen.macleod@starwars.movie
Michelle;Alsop;michelle.alsop@starwars.movie
Owen;Jones;owen.jones@starwars.movie
Emily;Parsons;emily.parsons@starwars.movie
Cameron;Lyman;cameron.lyman@starwars.movie
Warren;Greene;warren.greene@starwars.movie
Michelle;Burgess;michelle.burgess@starwars.movie
Wendy;Reid;wendy.reid@starwars.movie
Angela;North;angela.north@starwars.movie
Charles;Morgan;charles.morgan@starwars.movie
Elizabeth;Murray;elizabeth.murray@starwars.movie
Edward;Ogden;edward.ogden@starwars.movie
Nicola;Newman;nicola.newman@starwars.movie
Adam;Henderson;adam.henderson@starwars.movie
Caroline;Lawrence;caroline.lawrence@starwars.movie
Jason;Rampling;jason.rampling@starwars.movie
Una;Hamilton;una.hamilton@starwars.movie
Diana;Anderson;diana.anderson@starwars.movie
Sam;Chapman;sam.chapman@starwars.movie
Audrey;Hunter;audrey.hunter@starwars.movie
Andrea;Baker;andrea.baker@starwars.movie
Felicity;Davidson;felicity.davidson@starwars.movie
Hannah;Forsyth;hannah.forsyth@starwars.movie
Brandon;Manning;brandon.manning@starwars.movie
Blake;Abraham;blake.abraham@starwars.movie
Leah;Short;leah.short@starwars.movie
Luke;MacLeod;luke.macleod@starwars.movie
Eric;Burgess;eric.burgess@starwars.movie
Kevin;Rutherford;kevin.rutherford@starwars.movie
Gordon;Stewart;gordon.stewart@starwars.movie
Edward;Wright;edward.wright@starwars.movie
Hannah;Rutherford;hannah.rutherford@starwars.movie
Boris;Hudson;boris.hudson@starwars.movie
Sue;White;sue.white@starwars.movie
Melanie;McDonald;melanie.mcdonald@starwars.movie
Dan;Stewart;dan.stewart@starwars.movie
Bella;Black;bella.black@starwars.movie
Simon;Morrison;simon.morrison@starwars.movie
Emma;Parsons;emma.parsons@starwars.movie
Irene;Henderson;irene.henderson@starwars.movie
Nicola;Anderson;nicola.anderson@starwars.movie
Tracey;Henderson;tracey.henderson@starwars.movie
Carol;Hodges;carol.hodges@starwars.movie
Piers;Manning;piers.manning@starwars.movie
Rachel;Poole;rachel.poole@starwars.movie
Julian;Hudson;julian.hudson@starwars.movie
Samantha;Hunter;samantha.hunter@starwars.movie
Luke;Manning;luke.manning@starwars.movie
Joan;Turner;joan.turner@starwars.movie
Anna;Hardacre;anna.hardacre@starwars.movie
Alexander;Sanderson;alexander.sanderson@starwars.movie
Sally;Grant;sally.grant@starwars.movie
Adam;Peake;adam.peake@starwars.movie
Jack;Greene;jack.greene@starwars.movie
Lucas;Paige;lucas.paige@starwars.movie
David;Randall;david.randall@starwars.movie
Gavin;Thomson;gavin.thomson@starwars.movie
Adrian;Dowd;adrian.dowd@starwars.movie
Isaac;Abraham;isaac.abraham@starwars.movie
Owen;Duncan;owen.duncan@starwars.movie
Katherine;Newman;katherine.newman@starwars.movie
James;Fisher;james.fisher@starwars.movie
Joseph;Blake;joseph.blake@starwars.movie
Rebecca;Baker;rebecca.baker@starwars.movie
Amy;Dyer;amy.dyer@starwars.movie
Theresa;Rees;theresa.rees@starwars.movie
Amelia;Springer;amelia.springer@starwars.movie
Victor;Nolan;victor.nolan@starwars.movie
Justin;Gill;justin.gill@starwars.movie
Abigail;Forsyth;abigail.forsyth@starwars.movie
Owen;Pullman;owen.pullman@starwars.movie
Irene;MacDonald;irene.macdonald@starwars.movie
Natalie;Bailey;natalie.bailey@starwars.movie
Amy;Peake;amy.peake@starwars.movie
Amanda;Manning;amanda.manning@starwars.movie
Jasmine;Randall;jasmine.randall@starwars.movie
Hannah;Arnold;hannah.arnold@starwars.movie
Dylan;Blake;dylan.blake@starwars.movie
Jennifer;Poole;jennifer.poole@starwars.movie
Michael;Reid;michael.reid@starwars.movie
Carl;Sutherland;carl.sutherland@starwars.movie
Victoria;Bower;victoria.bower@starwars.movie
Austin;Johnston;austin.johnston@starwars.movie
Jake;Hardacre;jake.hardacre@starwars.movie
Molly;Cornish;molly.cornish@starwars.movie
Melanie;Roberts;melanie.roberts@starwars.movie
Dylan;Sharp;dylan.sharp@starwars.movie
Max;Poole;max.poole@starwars.movie
Robert;Hughes;robert.hughes@starwars.movie
Sean;Berry;sean.berry@starwars.movie
Stephanie;Lambert;stephanie.lambert@starwars.movie
Joan;Brown;joan.brown@starwars.movie
Maria;Lewis;maria.lewis@starwars.movie
Cameron;Turner;cameron.turner@starwars.movie
Stewart;Ince;stewart.ince@starwars.movie
Emily;Jackson;emily.jackson@starwars.movie
Anna;King;anna.king@starwars.movie
Megan;Parsons;megan.parsons@starwars.movie
Joseph;Vaughan;joseph.vaughan@starwars.movie
David;Lewis;david.lewis@starwars.movie
Adam;Scott;adam.scott@starwars.movie
Sean;Glover;sean.glover@starwars.movie
Lucas;Peters;lucas.peters@starwars.movie
Christopher;Murray;christopher.murray@starwars.movie
Neil;Murray;neil.murray@starwars.movie
Stephanie;Powell;stephanie.powell@starwars.movie
Rose;Marshall;rose.marshall@starwars.movie
Caroline;Parsons;caroline.parsons@starwars.movie
Adrian;Powell;adrian.powell@starwars.movie
Melanie;Kelly;melanie.kelly@starwars.movie
Claire;Gray;claire.gray@starwars.movie
Carolyn;Metcalfe;carolyn.metcalfe@starwars.movie
Jessica;Knox;jessica.knox@starwars.movie
Frank;Randall;frank.randall@starwars.movie
Boris;Gill;boris.gill@starwars.movie
Brandon;Thomson;brandon.thomson@starwars.movie
Lucas;Jackson;lucas.jackson@starwars.movie
Peter;Sanderson;peter.sanderson@starwars.movie
Christopher;Manning;christopher.manning@starwars.movie
Blake;Simpson;blake.simpson@starwars.movie
Sally;Newman;sally.newman@starwars.movie
Harry;Lyman;harry.lyman@starwars.movie
Jessica;Peake;jessica.peake@starwars.movie
Sally;Hunter;sally.hunter@starwars.movie
Andrew;Walker;andrew.walker@starwars.movie
Irene;Scott;irene.scott@starwars.movie
Ella;Wilkins;ella.wilkins@starwars.movie
Frank;Rees;frank.rees@starwars.movie
Colin;Mackenzie;colin.mackenzie@starwars.movie
Brian;Hunter;brian.hunter@starwars.movie
Molly;Harris;molly.harris@starwars.movie
Brian;Arnold;brian.arnold@starwars.movie
Jane;Ross;jane.ross@starwars.movie
Justin;Gray;justin.gray@starwars.movie
Theresa;Allan;theresa.allan@starwars.movie
Donna;Berry;donna.berry@starwars.movie
Rebecca;May;rebecca.may@starwars.movie
Chloe;Bower;chloe.bower@starwars.movie
Anne;Ellison;anne.ellison@starwars.movie
Sam;Quinn;sam.quinn@starwars.movie
Anna;MacLeod;anna.macleod@starwars.movie
Dan;Young;dan.young@starwars.movie
Elizabeth;Sharp;elizabeth.sharp@starwars.movie
Julia;Murray;julia.murray@starwars.movie
Megan;Young;megan.young@starwars.movie
Anthony;Abraham;anthony.abraham@starwars.movie
Lucas;Springer;lucas.springer@starwars.movie
Frank;Marshall;frank.marshall@starwars.movie
Jason;Fisher;jason.fisher@starwars.movie
Max;Roberts;max.roberts@starwars.movie
Ian;Short;ian.short@starwars.movie
Alison;Lewis;alison.lewis@starwars.movie
Ruth;Hughes;ruth.hughes@starwars.movie
Diane;Brown;diane.brown@starwars.movie
Ian;Welch;ian.welch@starwars.movie
Jack;Blake;jack.blake@starwars.movie
Chloe;Henderson;chloe.henderson@starwars.movie
Edward;Tucker;edward.tucker@starwars.movie
Virginia;Sanderson;virginia.sanderson@starwars.movie
Max;Clarkson;max.clarkson@starwars.movie
Gordon;Bond;gordon.bond@starwars.movie
Christian;Brown;christian.brown@starwars.movie
Nathan;Carr;nathan.carr@starwars.movie
Adam;Ellison;adam.ellison@starwars.movie
Connor;Black;connor.black@starwars.movie
Kevin;Dyer;kevin.dyer@starwars.movie
Samantha;Davidson;samantha.davidson@starwars.movie
Penelope;Berry;penelope.berry@starwars.movie
Joanne;Ellison;joanne.ellison@starwars.movie
Abigail;Campbell;abigail.campbell@starwars.movie
Nicola;Clark;nicola.clark@starwars.movie
Amanda;Robertson;amanda.robertson@starwars.movie
Cameron;Edmunds;cameron.edmunds@starwars.movie
Victoria;Thomson;victoria.thomson@starwars.movie
Mary;Reid;mary.reid@starwars.movie
Sean;MacDonald;sean.macdonald@starwars.movie
Ella;Wilson;ella.wilson@starwars.movie
Amy;Johnston;amy.johnston@starwars.movie
Anne;White;anne.white@starwars.movie
Joshua;McLean;joshua.mclean@starwars.movie
Sonia;Fraser;sonia.fraser@starwars.movie
Alexandra;Nolan;alexandra.nolan@starwars.movie
Vanessa;Parsons;vanessa.parsons@starwars.movie
Faith;Welch;faith.welch@starwars.movie
Boris;Morrison;boris.morrison@starwars.movie
Megan;Lyman;megan.lyman@starwars.movie
Edward;Welch;edward.welch@starwars.movie
Virginia;MacLeod;virginia.macleod@starwars.movie
Leonard;Springer;leonard.springer@starwars.movie
Tim;Sutherland;tim.sutherland@starwars.movie
Amanda;Arnold;amanda.arnold@starwars.movie
Wanda;King;wanda.king@starwars.movie
Blake;Hodges;blake.hodges@starwars.movie
Yvonne;Hart;yvonne.hart@starwars.movie
William;Black;william.black@starwars.movie
Gordon;Cameron;gordon.cameron@starwars.movie
Jessica;Mackay;jessica.mackay@starwars.movie
Claire;Wallace;claire.wallace@starwars.movie
Nathan;James;nathan.james@starwars.movie
Jasmine;Dowd;jasmine.dowd@starwars.movie
Joseph;Tucker;joseph.tucker@starwars.movie
Sally;McLean;sally.mclean@starwars.movie
Sam;Morrison;sam.morrison@starwars.movie
Wanda;Coleman;wanda.coleman@starwars.movie
Zoe;Thomson;zoe.thomson@starwars.movie
Andrea;Dickens;andrea.dickens@starwars.movie
Diana;Morgan;diana.morgan@starwars.movie
Victor;Slater;victor.slater@starwars.movie
Cameron;Paterson;cameron.paterson@starwars.movie
Adrian;Quinn;adrian.quinn@starwars.movie
Karen;Avery;karen.avery@starwars.movie
Olivia;Taylor;olivia.taylor@starwars.movie
Joseph;Forsyth;joseph.forsyth@starwars.movie
Irene;Nolan;irene.nolan@starwars.movie
Neil;Martin;neil.martin@starwars.movie
Olivia;Hemmings;olivia.hemmings@starwars.movie
Joanne;Glover;joanne.glover@starwars.movie
Jessica;McDonald;jessica.mcdonald@starwars.movie
Adrian;Hill;adrian.hill@starwars.movie
Liam;Ferguson;liam.ferguson@starwars.movie
Ryan;Young;ryan.young@starwars.movie
Jan;Clark;jan.clark@starwars.movie
Jessica;Russell;jessica.russell@starwars.movie
Jacob;Lambert;jacob.lambert@starwars.movie
Dylan;Gill;dylan.gill@starwars.movie